{
  "header": {
    "nav_menu": [
      { "value": "/", "lavel": "Home" },
      { "value": "shop", "lavel": "Shop" },
      { "value": "women", "lavel": "Women" },
      { "value": "men", "lavel": "Men" },
      { "value": "health-fitness", "lavel": "Health & Fitness" },
      { "value": "kitchen-gadgets", "lavel": "Kitchen Gadgets" },
      { "value": "contact-us", "lavel": "Contact Us" }
    ],
    "color": "#00C9B4",
    "meta_title": "Isoftex eCommerce",
    "meta_description": "Let's develop our country together"
  },
  "body": {
    "banner": [
      {
        "img_url": "/uploads/s1.png",
        "path": "public/uploads/screenshot-from-2023-10-15-21-58-01-1699028206175.png"
      },
      {
        "img_url": "/uploads/s2.png",
        "path": "public/uploads/screenshot-from-2023-10-16-21-35-10-1699028206194.png"
      }
    ],
    "cat_menu": [
      { "lavel": "T shirt ", "value": "65452637df99fad2de47bc11" },
      { "lavel": "Bathroom", "value": "6554ede7729f22e9b8f38087" }
    ]
  },
  "footer": {
    "links": [
      { "value": "order-tracking", "lavel": "অর্ডার ট্র্যাকিং" },
      { "value": "about-us", "lavel": "আমাদের সম্পর্কে" }
    ],
    "description": "ওনেমার্ট ই-কমার্স ওয়েবসাইট একটি ব্যবসা প্ল্যাটফর্ম, যেখানে আপনি আপনার পছন্দের পণ্য অনলাইনে ক্রয় করতে পারেন। ওনেমার্টে আপনি বিভিন্ন ক্যাটেগরিতে পণ্য সন্ধান করতে পারেন,",
    "contact_info": {
      "address": "#০২, রোডঃ ০২,ঢাকা",
      "phone": "(+৮৮০) ০১৭৬০১০৭৭৬৪",
      "email": "rapidco@admin.com"
    },
    "copyright": "Isoftex eCommerce CMS 2023"
  }
}
